[
  {
    "letter": "A",
    "terms": [
      {
        "title": "Abrir una costura",
        "desciption": "Aplanar los márgenes de la costura con una plancha."
      }
    ]
  },
  {
    "letter": "B",
    "terms": [
      {
        "title": "Bies",
        "desciption": "Hace referencia a cortar los patrones con el hilo de tela a 45°."
      },
      {
        "title": "Borde",
        "desciption": "Orilla de la tela."
      },
      {
        "title": "Botones",
        "desciption": "Insumo necesario para sistemas de cierre, elaborados en pasta, madera o diferentes aglomerados.  . Insumo necesario para sistemas de cierre, elaborados en pasta, madera o diferentes aglomerados.  "
      },
      {
        "title": "Broches",
        "desciption": "Insumo para sistema de cierre, que se compone de dos piezas, cuya función es de cierre por presión.      "
      }
    ]
  },
  {
    "letter": "c",
    "terms": [
      {
        "title": "Cierre",
        "desciption": "Es el sistema que le permite a la prenda  ubicarse y ajustarse sobre el cuerpo."
      },
      {
        "title": "Cremallera",
        "desciption": "Sistema de cierre usado en indumentaria y accesorios, que tiene un mecanismo similar al de los piñones que se fijan por acomodación."
      }
    ]
  }, 
  {
    "letter": "E",
    "terms": [
      {
        "title": "Entretela",
        "desciption": "Material con una cobertura de aglomerado, que da firmeza a los textiles principales."
      },
      {
        "title": "Entretelar",
        "desciption": "Pegar la entretela al material por medio de calor."
      }
    ]
  }, 
  {
    "letter": "F",
    "terms": [
      {
        "title": "Filetear",
        "desciption": "Realizar la acción de costura, usando la máquina de sobrehilado."
      }
    ]
  },   
  {
    "letter": "P",
    "terms": [
      {
        "title": "Pespuntar",
        "desciption": "Hacer costuras visibles, para asentar de manera decorativa las costuras."
      },
      {
        "title": "Pestaña",
        "desciption": "Margen de costura."
      },
      {
        "title": "Pie de prénsatela",
        "desciption": "Elemento de la máquina de coser que se usa para sostener la tela, mientras se coser."
      },
      {
        "title": "Pinzas",
        "desciption": "Elemento para sostener los hilos al realizar los enhebrados."
      },
      {
        "title": "Piquetes",
        "desciption": "Consiste en realizar un corte en el borde de la costura que corresponde a una marca realizada en el patrón como guía al momento de realizar el ensamble previo a la confección. "
      },
      {
        "title": "Pretina",
        "desciption": "Correa o cinta  para ajustar prendas en la cintura."
      }
    ]
  },
  {
    "letter": "T",
    "terms": [
      {
        "title": "Tendencia",
        "desciption": "Nueva línea de modo. Lo que se llevo más reciente."
      },
      {
        "title": "Termofijar",
        "desciption": "Fijar o adherir con calor."
      },
      {
        "title": "Tijeras",
        "desciption": "Herramienta para cortar."
      },
      {
        "title": "Tope",
        "desciption": "Parte superior del talón en una aguja industrial."
      },
      {
        "title": "Tornillos sujetadores",
        "desciption": "Sujetan las agujas y el pie."
      }
    ]
  }
]