[
    
    {
        "icon": "fa fa-download",
        "slug": "pdf",
        "title": "Descargar PDF",
        "path": "media/documentos/MF4_Confeccion_de_la_falda_clásica_segun_normas_de_calidad.pdf"
    },
    {
        "icon": "icon glosario",
        "slug": "glosario",
        "title": "Glosario",
        "breadcrumb": ["Glosario"],
        "path": "config/glosario.json"
    },
    {
        "icon": "icon referencias",
        "slug": "referencias",
        "title": "Referencias bibliográficas",
        "breadcrumb": ["Referencias bibliográficas"],
        "path": "pages/referencias.html"
    },
    {
        "icon": "fa fa-copyright",
        "slug": "creditos",
        "title": "Créditos",
        "breadcrumb": [
            "Créditos"
        ],
        "path": "pages/creditos.html"
    }    
]