[
  {
    "icon": "fa fa-home",
    "slug": "external",
    "title": "Volver al Inicio",
    "path": "index.html"
  },  
  { 
    "id": 1,
    "icon": "fa fa-play-circle",
    "slug": "introduccion",
    "title": "Introducción",
    "breadcrumb": ["Inicio","Introducción"],
    "path": "pages/introduccion.html"
  },  
  { 
    "id": 2,
    "icon": "fa fa-file-text",
    "slug": "1-tema",
    "title": "1. Tipos de costuras",
    "breadcrumb": ["Inicio","Tipos de costuras"],
    "path": "pages/1-tema.html"
  },
  {
    "id": 3,
    "icon": "fa fa-file-text",
    "slug": "2-tema",
    "title": "2. Preparación de las piezas",
    "breadcrumb": [
      "Inicio",
      "Preparación de las piezas"
    ],
    "path": "pages/2-tema.html",    
    "submenu": [
      {
        "icon": "fa fa-file-text",
        "slug": "2-tema",
        "title": "2.1 Delantero",
        "anchor": "Delantero"
      },   
      {
        "icon": "fa fa-file-text",
        "slug": "2-tema",
        "title": "2.2 Posterior ",
        "anchor": "Posterior"
      }   
    ]   
  },  
  { 
    "id": 4,
    "icon": "fa fa-file-text",
    "slug": "3-tema",
    "title": "3. Ensamble",
    "breadcrumb": ["Inicio","Ensamble"],
    "path": "pages/3-tema.html"
  },  
  { 
    "id": 5,
    "icon": "fa fa-file-text",
    "slug": "4-tema",
    "title": "4. Terminación o acabado",
    "breadcrumb": ["Inicio","Terminación o acabado"],
    "path": "pages/4-tema.html"
  },  
  { 
    "id": 6,
    "icon": "fa fa-file-text",
    "slug": "5-tema",
    "title": "5. Normas de calidad en la confección.",
    "breadcrumb": ["Inicio","Normas de calidad en la confección"],
    "path": "pages/5-tema.html"
  },  
  { 
    "id": 7,
    "icon": "fa fa-question-circle",
    "slug": "didactica",
    "title": "Actividad didáctica.",
    "breadcrumb": ["Inicio","Actividad didáctica"],
    "path": "pages/didactica.html"
  }

]